post_time_utc,post_body,response_body,response_time,root_post,post_time,response_time_utc,encoded_clean,lat,lon,name
1635433244,Hell's canyon?,Warm!,2021-10-28 16:04:51,post_1,2021-10-28 08:00:44,1635462291,+1,34.9180754,-112.2785013,"hell canyon, arizona, usa"
1635433325,[deleted],Getting colder!,2021-10-28 16:04:40,post_1,2021-10-28 08:02:05,1635462280,-1,to_delete,to_delete,to_fix
1635443314,Maine,Cold!,2021-10-28 16:03:17,post_1,2021-10-28 10:48:34,1635462197,-1,45.253783,-69.4454689,"maine, usa"
1635452573,"Sterling, CO",This guess is a little bit chilly,2021-10-28 16:02:08,post_1,2021-10-28 13:22:53,1635462128,-1,40.6255415,-103.207709,"sterling, co 80751, usa"
1635450547,"Joshua Tree, California",Cold!,2021-10-28 16:01:29,post_1,2021-10-28 12:49:07,1635462089,-1,34.134728,-116.3130661,"joshua tree, ca 92252, usa"
1635450387,"Moose, WY",Getting warmer!,2021-10-28 16:00:29,post_1,2021-10-28 12:46:27,1635462029,+1,43.6557657,-110.7182646,"moose, wy 83012, usa"
1635450288,"Jackson Hole, WY",Getting warmer!,2021-10-28 16:00:14,post_1,2021-10-28 12:44:48,1635462014,+1,43.4799291,-110.7624282,"jackson, wy, usa"
1635450194,Valentine Nebraska,Getting a bit colder!,2021-10-28 15:59:37,post_1,2021-10-28 12:43:14,1635461977,-1,42.87278329999999,-100.5509669,"valentine, ne 69201, usa"
1635449761,"Agate,NE","Not too warm, not too cold. Just lukewarm!",2021-10-28 15:58:41,post_1,2021-10-28 12:36:01,1635461921,0,42.4199638,-103.7938264,"agate, ne 69346, usa"
1635449642,"Las Vegas, Nevada",Getting a bit colder,2021-10-28 15:58:24,post_1,2021-10-28 12:34:02,1635461904,-1,36.1699412,-115.1398296,"las vegas, nv, usa"
1635449995,"Scottsdale, AZ",Getting colder!,2021-10-28 15:57:40,post_1,2021-10-28 12:39:55,1635461860,-1,33.4941704,-111.9260519,"scottsdale, az, usa"
1635447842,"Noonan, North Dakota",Getting warmer!,2021-10-28 15:56:47,post_1,2021-10-28 12:04:02,1635461807,+1,48.8889194,-103.0087936,"noonan, nd 58765, usa"
1635434375,Colorado pleateau?,Getting colder!,2021-10-28 15:54:56,post_1,2021-10-28 08:19:35,1635461696,-1,37.0002799,-110.0009558,"colorado plateau, utah 84531, usa"
1635434132,"Indian cave state park, Nebraska","&gt;Indian cave state park, Nebraska

You're headed towards the cold!",2021-10-28 15:54:30,post_1,2021-10-28 08:15:32,1635461670,-1,40.2647961,-95.57981009999999,"65296 720 rd, shubert, ne 68437, united states"
1635429695,Dinosaur National Monument ðŸ¦•,"Not too warm, not too cold. Just lukewarm!",2021-10-28 15:52:48,post_1,2021-10-28 07:01:35,1635461568,0,40.4927109,-108.9416357,"11625 e 1500 s, jensen, ut 84035, united states"
1635428973,Nevada!,Getting colder!,2021-10-28 15:52:14,post_1,2021-10-28 06:49:33,1635461534,-1,38.8026097,-116.419389,"nevada, usa"
1635426118,"Yakima, WA",You're headed toward the warmth!,2021-10-28 15:52:09,post_1,2021-10-28 06:01:58,1635461529,+1,46.6020711,-120.5058987,"yakima, wa, usa"
1635389523,"Fargo, North Dakota",Getting colder,2021-10-28 15:51:01,post_1,2021-10-27 19:52:03,1635461461,-1,46.8771863,-96.7898034,"fargo, nd, usa"
1635388974,Aberdeen SD,Getting slightly warmer,2021-10-28 15:50:51,post_1,2021-10-27 19:42:54,1635461451,+1,45.4646985,-98.4864829,"aberdeen, sd 57401, usa"
1635364368,Galveston TX,Getting colder!,2021-10-28 15:50:07,post_1,2021-10-27 12:52:48,1635461407,-1,29.3013479,-94.7976958,"galveston, tx, usa"
1635364447,denton texas,Getting colder!,2021-10-28 15:50:01,post_1,2021-10-27 12:54:07,1635461401,-1,33.2148412,-97.13306829999999,"denton, tx, usa"
1635365398,"Boulder, coloradi",You're headed towards the warmth!,2021-10-28 15:49:47,post_1,2021-10-27 13:09:58,1635461387,+1,40.0149856,-105.2705456,"boulder, co, usa"
1635379555,Duluth Minnesota,Getting slightly colder,2021-10-28 15:49:22,post_1,2021-10-27 17:05:55,1635461362,-1,46.78667189999999,-92.1004852,"duluth, mn, usa"
1635365624,"Santa Maria, CA",Cold!,2021-10-28 15:48:54,post_1,2021-10-27 13:13:44,1635461334,-1,34.9530337,-120.4357191,"santa maria, ca, usa"
1635370729,San Francisco,Cold!,2021-10-28 15:48:42,post_1,2021-10-27 14:38:49,1635461322,-1,37.7749295,-122.4194155,"san francisco, ca, usa"
1635377058,"Chandler, AZ",Getting colder!,2021-10-28 15:48:38,post_1,2021-10-27 16:24:18,1635461318,-1,33.3061605,-111.8412502,"chandler, az, usa"
1635385958,Mt. Rushmore,Getting warm!,2021-10-28 15:48:25,post_1,2021-10-27 18:52:38,1635461305,+1,43.87910249999999,-103.4590667,"13000 sd-244, keystone, sd 57751, united states"
1635386935,Yellowstone,Getting warm!,2021-10-28 15:48:05,post_1,2021-10-27 19:08:55,1635461285,+1,33.988194,-117.7188016,"chino, ca 91710, united states"
1635408862,"Detroit, MI",Getting colder!,2021-10-28 15:47:05,post_1,2021-10-28 01:14:22,1635461225,-1,42.331427,-83.0457538,"detroit, mi, usa"
1635413570,Garden city Minnesota,Getting a bit cold there!,2021-10-28 15:46:42,post_1,2021-10-28 02:32:50,1635461202,-1,44.0470567,-94.1638165,"garden city, mn 56034, usa"
1635413734,Palo Alto California,Cold!,2021-10-28 15:46:12,post_1,2021-10-28 02:35:34,1635461172,-1,37.4418834,-122.1430195,"palo alto, ca, usa"
1635413807,"Fargo, North Dakota",Getting colder!,2021-10-28 15:46:06,post_1,2021-10-28 02:36:47,1635461166,-1,46.8771863,-96.7898034,"fargo, nd, usa"
1635413812,"Bozeman, Montana",Getting warm!,2021-10-28 15:46:01,post_1,2021-10-28 02:36:52,1635461161,+1,45.6769979,-111.0429339,"bozeman, mt, usa"
1635422174,Bozeman montana,Getting warm!,2021-10-28 15:45:55,post_1,2021-10-28 04:56:14,1635461155,+1,45.6769979,-111.0429339,"bozeman, mt, usa"
1635429308,Alaska,"Really, really cold!",2021-10-28 15:45:40,post_1,2021-10-28 06:55:08,1635461140,-3,64.2008413,-149.4936733,"alaska, usa"
1635429487,"Sioux City, IA",Getting colder!,2021-10-28 15:45:33,post_1,2021-10-28 06:58:07,1635461133,-1,42.4963416,-96.40494079999999,"sioux city, ia, usa"
1635429641,Mojave desert.,Cold like the desert night,2021-10-28 15:45:21,post_1,2021-10-28 07:00:41,1635461121,-1,35.01099110000001,-115.4733551,"mojave desert, california 92332, usa"
1635429954,Yosemite National Park,Cold!,2021-10-28 15:45:06,post_1,2021-10-28 07:05:54,1635461106,-1,37.7288001,-119.6095,"yosemite valley, california, usa"
1635429971,Petrified Forest National Park,Getting colder!,2021-10-28 15:44:58,post_1,2021-10-28 07:06:11,1635461098,-1,35.0036935,-109.7889229,"arizona, united states"
1635431297,"Minot, North Dakota",Getting warm!,2021-10-28 15:44:35,post_1,2021-10-28 07:28:17,1635461075,+1,48.2329668,-101.2922906,"minot, nd, usa"
1635434019,"Supai, AZ",Slightly colder than we'd like!,2021-10-28 15:44:08,post_1,2021-10-28 08:13:39,1635461048,-1,36.2369265,-112.6890791,"supai, az 86435, usa"
1635434089,"Fargo, ND",Getting a bit colder,2021-10-28 15:43:56,post_1,2021-10-28 08:14:49,1635461036,-1,46.8771863,-96.7898034,"fargo, nd, usa"
1635452276,Mexico City Mexico,"Good guess, but it's still cold!",2021-10-28 15:42:29,post_1,2021-10-28 13:17:56,1635460949,-1,19.4326077,-99.133208,"mexico city, cdmx, mexico"
1635452530,Charleston SC,Cold!,2021-10-28 15:42:09,post_1,2021-10-28 13:22:10,1635460929,-1,32.7764749,-79.93105120000001,"charleston, sc, usa"
1635388240,"Buffalo, NY",Ice cold!,2021-10-28 15:41:28,post_1,2021-10-27 19:30:40,1635460888,-2,42.88644679999999,-78.8783689,"buffalo, ny, usa"
1635449981,"New Jersy city, new jersey",This guess is ice cold!,2021-10-28 15:41:03,post_1,2021-10-28 12:39:41,1635460863,-3,40.7177545,-74.0431435,"jersey city, nj, usa"
1635443186,Maine,Cold!,2021-10-28 15:40:20,post_1,2021-10-28 10:46:26,1635460820,-1,45.253783,-69.4454689,"maine, usa"
1635338728,"Little Missouri State Park, ND",Getting warmer!,2021-10-27 17:11:02,post_1,2021-10-27 05:45:28,1635379862,+1,47.5462606,-102.7346719,"highway 22, dunn center, nd 58626, united states"
1635346120,"Reno, Nevada","Not too warm, not too cold.  Try again?",2021-10-27 17:10:37,post_1,2021-10-27 07:48:40,1635379837,0,39.5296329,-119.8138027,"reno, nv, usa"
1635358390,"Vail, Colorado",You're headed towards warmer days,2021-10-27 17:07:31,post_1,2021-10-27 11:13:10,1635379651,+1,39.6433243,-106.3780801,"vail, co 81657, usa"
1635361707,Devilâ€™s Tower!,Getting warmer!,2021-10-27 17:06:56,post_1,2021-10-27 12:08:27,1635379616,+1,44.5902098,-104.7146168,"wy-110, devils tower, wy 82714, united states"
1635362139,Sequoia National Park?,Cold!,2021-10-27 17:06:34,post_1,2021-10-27 12:15:39,1635379594,-1,36.4863668,-118.5657516,"california, united states"
1635348240,"Topeka, KS",Your guess is headed towards the cold!,2021-10-27 17:05:20,post_1,2021-10-27 08:24:00,1635379520,-1,39.0473451,-95.67515759999999,"topeka, ks, usa"
1635358606,"Glendale, Arizona",Getting colder!,2021-10-27 17:04:51,post_1,2021-10-27 11:16:46,1635379491,-1,33.5386523,-112.1859866,"glendale, az, usa"
1635359177,Grand Canyon,Getting colder!,2021-10-27 17:04:42,post_1,2021-10-27 11:26:17,1635379482,-1,36.1069258,-112.1129484,"arizona, united states"
1635360585,"Wichita, Kansas",Headed towards the cold!,2021-10-27 17:04:17,post_1,2021-10-27 11:49:45,1635379457,-1,37.68717609999999,-97.33005299999999,"wichita, ks, usa"
1635361130,Scotts Bluff National Monument in Nebraska?,You're getting a bit warmer!,2021-10-27 17:03:15,post_1,2021-10-27 11:58:50,1635379395,+1,41.8338917,-103.7065337,"190276 old oregon trail, gering, ne 69341, united states"
1635361421,"Lincoln, NE",Getting warmer!,2021-10-27 17:02:17,post_1,2021-10-27 12:03:41,1635379337,+1,40.813616,-96.7025955,"lincoln, ne, usa"
1635361531,Louisiana?,Cold!,2021-10-27 17:02:02,post_1,2021-10-27 12:05:31,1635379322,-1,30.9842977,-91.96233269999999,"louisiana, usa"
1635361827,topeka Kansas,It could go either way. Lukewarm!,2021-10-27 17:01:47,post_1,2021-10-27 12:10:27,1635379307,0,39.0473451,-95.67515759999999,"topeka, ks, usa"
1635362013,"Chattanooga, TN",Cold!,2021-10-27 17:01:26,post_1,2021-10-27 12:13:33,1635379286,-1,35.0456297,-85.3096801,"chattanooga, tn, usa"
1635362086,Midwest,Is there a specific place you had in mind?,2021-10-27 17:01:09,post_1,2021-10-27 12:14:46,1635379269,,34.0417686,-118.2631233,"1100 s hope st #36, los angeles, ca 90015, united states"
1635362176,"Sioux City, Iowa",Lukewarm!,2021-10-27 17:00:52,post_1,2021-10-27 12:16:16,1635379252,0,42.4963416,-96.40494079999999,"sioux city, ia, usa"
1635362377,Pensacola fl,Really cold!,2021-10-27 17:00:37,post_1,2021-10-27 12:19:37,1635379237,-2,30.42130899999999,-87.2169149,"pensacola, fl, usa"
1635362420,"Kansas City, Missouri",Getting colder!,2021-10-27 17:00:31,post_1,2021-10-27 12:20:20,1635379231,-1,39.0997265,-94.5785667,"kansas city, mo, usa"
1635362450,Somewhere in Idaho,Any specific places in mind?,2021-10-27 16:59:59,post_1,2021-10-27 12:20:50,1635379199,,43.6239821,-116.2405962,"3544 w chinden blvd, garden city, id 83714, united states"
1635362511,"Fargo, MN",Getting warmer!,2021-10-27 16:59:48,post_1,2021-10-27 12:21:51,1635379188,+1,46.8771863,-96.7898034,"fargo, nd, usa"
1635362777,"Cheyenne, Wyoming?(:",Getting warmer!,2021-10-27 16:59:31,post_1,2021-10-27 12:26:17,1635379171,+1,41.1399814,-104.8202462,"cheyenne, wy, usa"
1635363184,"The Old Stone Fort, Tennessee",Cold!,2021-10-27 16:59:21,post_1,2021-10-27 12:33:04,1635379161,-1,35.4862509,-86.10269439999999,"732 stone fort dr, manchester, tn 37355, united states"
1635363416,"Detroit,Michigan",This guess is headed towards the cold!,2021-10-27 16:59:15,post_1,2021-10-27 12:36:56,1635379155,-1,42.331427,-83.0457538,"detroit, mi, usa"
1635364336,"Corona, CA",Cold!,2021-10-27 16:58:57,post_1,2021-10-27 12:52:16,1635379137,-1,33.8752935,-117.5664384,"corona, ca, usa"
1635365558,Cedar Rapids Iowa,"It's a toss-up. It could go either way, so we'll say lukewarm.",2021-10-27 16:58:44,post_1,2021-10-27 13:12:38,1635379124,0,41.9778795,-91.6656232,"cedar rapids, ia, usa"
1635365558,Cedar Rapids Iowa,You're right in-between. Lukewarm!,2021-10-27 16:58:01,post_1,2021-10-27 13:12:38,1635379081,0,41.9778795,-91.6656232,"cedar rapids, ia, usa"
1635268753,"Worcester, MA",Really cold. Ice cold!,2021-10-27 16:56:44,post_1,2021-10-26 10:19:13,1635379004,-2,42.2625932,-71.8022934,"worcester, ma, usa"
1635255249,"Hendersonville, nc",Really cold!,2021-10-27 16:56:24,post_1,2021-10-26 06:34:09,1635378984,-2,35.3187279,-82.4609528,"hendersonville, nc, usa"
1635253712,"Charleston, SC",Cold!,2021-10-27 16:56:12,post_1,2021-10-26 06:08:32,1635378972,-1,32.7764749,-79.93105120000001,"charleston, sc, usa"
1635253486,"Little Rock, AR",Cold!,2021-10-27 16:56:09,post_1,2021-10-26 06:04:46,1635378969,-1,34.7464809,-92.28959479999999,"little rock, ar, usa"
1635253464,"Taos, New Mexico",Getting colder,2021-10-27 16:56:03,post_1,2021-10-26 06:04:24,1635378963,-1,36.4072134,-105.5733788,"taos, nm 87571, usa"
1635252902,"Rumney, New Hampshire. Worlds second best climbing is here.","Great climbing spot, but you're headed towards the cold with this guess!",2021-10-27 16:55:56,post_1,2021-10-26 05:55:02,1635378956,-1,43.8021947,-71.82991109999999,"2385 buffalo rd, rumney, nh 03266, united states"
1635283220,"Rapid City, North Dakota",Getting warmer!,2021-10-27 16:55:26,post_1,2021-10-26 14:20:20,1635378926,+1,44.0805434,-103.2310149,"rapid city, sd, usa"
1635250094,St. Louis Missouri,You're headed towards the cold!,2021-10-27 16:55:18,post_1,2021-10-26 05:08:14,1635378918,-1,38.6270025,-90.19940419999999,"st. louis, mo, usa"
1635247453,Devils lake Wisconsin,Cold!,2021-10-27 16:54:39,post_1,2021-10-26 04:24:13,1635378879,-1,43.4183975,-89.7309534,"devils lake, wisconsin 53913, usa"
1635246539,Saratoga springs NY,Very cold guess!,2021-10-27 16:54:35,post_1,2021-10-26 04:08:59,1635378875,-2,43.0831301,-73.7845651,"saratoga springs, ny, usa"
1635246225,Quary in wiscomsin,Cold!,2021-10-27 16:54:23,post_1,2021-10-26 04:03:45,1635378863,-1,43.5037311,-89.5900994,"w11825 wi-33, portage, wi 53901, united states"
1635237263,Prescott Arizona,Getting colder. Would you like to try again?,2021-10-27 16:54:06,post_1,2021-10-26 01:34:23,1635378846,-1,34.5400242,-112.4685025,"prescott, az, usa"
1635236166,"Seattle, WA",Getting warmer!,2021-10-27 16:53:52,post_1,2021-10-26 01:16:06,1635378832,+1,47.6062095,-122.3320708,"seattle, wa, usa"
1635235622,Painted desert in Arizona?,"Sorry, cold!",2021-10-27 16:53:39,post_1,2021-10-26 01:07:02,1635378819,-1,35.5002883,-110.0840117,"painted desert, arizona 86031, usa"
1635235117,"June Lake, CA",Cold!,2021-10-27 16:53:26,post_1,2021-10-26 00:58:37,1635378806,-1,37.7797825,-119.0754232,"june lake, ca 93529, usa"
1635217584,Smokie Mountains NP,Very cold! Got another place in mind?,2021-10-27 16:53:20,post_1,2021-10-25 20:06:24,1635378800,-2,35.6130503,-83.55315370000001,united states
1635217385,"Santa Fe, New Mexico",Colder than usual!,2021-10-27 16:52:48,post_1,2021-10-25 20:03:05,1635378768,-1,35.6869752,-105.937799,"santa fe, nm, usa"
1635217380,Yosemite,Cold!,2021-10-27 16:52:38,post_1,2021-10-25 20:03:00,1635378758,-1,37.7288001,-119.6095,"yosemite valley, california, usa"
1635216019,"charlevoix, michigan",You're headed towards the cold.,2021-10-27 16:52:25,post_1,2021-10-25 19:40:19,1635378745,-1,45.3180632,-85.2584004,"charlevoix, mi 49720, usa"
1635215776,"Vici, Oklahoma",Cold!,2021-10-27 16:52:07,post_1,2021-10-25 19:36:16,1635378727,-1,36.1497642,-99.2981612,"vici, ok 73859, usa"
1635193992,"Niagra Falls, NY",Really cold!,2021-10-27 16:51:53,post_1,2021-10-25 13:33:12,1635378713,-2,43.0962143,-79.0377388,"niagara falls, ny, usa"
1635191934,"Carlin, Nevada",This is a chilly guess.,2021-10-27 16:51:37,post_1,2021-10-25 12:58:54,1635378697,-1,40.7138067,-116.1039663,"carlin, nv 89822, usa"
1635189859,Lansing Michigan,You're headed towards the cold!,2021-10-27 16:51:04,post_1,2021-10-25 12:24:19,1635378664,-1,42.732535,-84.5555347,"lansing, mi, usa"
1635269783,"Fort Worth, Texas",Cold!,2021-10-27 16:50:30,post_1,2021-10-26 10:36:23,1635378630,-1,32.7554883,-97.3307658,"fort worth, tx, usa"
1635255216,"Dang, Moab, Utah.","Not warm, not cold. Just lukewarm!",2021-10-27 16:50:20,post_1,2021-10-26 06:33:36,1635378620,0,37.2982022,-113.0263005,"utah, united states"
1635252308,"New Martinsville, WV",Cold!,2021-10-27 16:50:02,post_1,2021-10-26 05:45:08,1635378602,-1,39.6445214,-80.85759929999999,"new martinsville, wv 26155, usa"
1635215339,"Sedona, AZ",Cold!,2021-10-27 16:49:21,post_1,2021-10-25 19:28:59,1635378561,-1,34.8697395,-111.7609896,"sedona, az 86336, usa"
1635276522,"Sturgis, South Dakota",Getting a bit warmer!,2021-10-27 16:48:55,post_1,2021-10-26 12:28:42,1635378535,+1,44.4097069,-103.5090786,"sturgis, sd 57785, usa"
1635267167,"Theodore Roosevelt National Park, North Dakota",Warmer!,2021-10-27 16:48:21,post_1,2021-10-26 09:52:47,1635378501,+1,46.978965,-103.5387091,"north dakota, united states"
1635360708,Jackson Mississippi,Cold!,2021-10-27 13:00:12,post_1,2021-10-27 11:51:48,1635364812,-1,32.2987573,-90.1848103,"jackson, ms, usa"
1635360553,Gatlinburg TN,Cold!,2021-10-27 13:00:05,post_1,2021-10-27 11:49:13,1635364805,-1,35.714259,-83.5101638,"gatlinburg, tn 37738, usa"
1635359102,"Watertown, Ma",Cold!,2021-10-27 12:59:34,post_1,2021-10-27 11:25:02,1635364774,-1,42.3709299,-71.1828321,"watertown, ma, usa"
1635345120,"Santa Cruz, CA",Cold!,2021-10-27 12:58:10,post_1,2021-10-27 07:32:00,1635364690,-1,36.9741171,-122.0307963,"santa cruz, ca, usa"
1635331295,Four Corners,Getting colder!,2021-10-27 12:53:55,post_1,2021-10-27 03:41:35,1635364435,-1,33.9756902,-118.1229519,"8023 slauson ave, montebello, ca 90640, united states"
1635332083,Mesa Verde National Park?,Getting colder!,2021-10-27 12:53:37,post_1,2021-10-27 03:54:43,1635364417,-1,37.2308729,-108.4618335,"mesa verde, co, united states"
1635332221, Valentine National Wildlife Refuge?,"Not too warm, not too cold. Pretty much lukewarm!",2021-10-27 12:53:09,post_1,2021-10-27 03:57:01,1635364389,0,42.5129414,-100.5521142,"39679 pony lake road, valentine, ne 69201, united states"
1635344376,Breckinridge CO,Getting warmer!,2021-10-27 12:49:30,post_1,2021-10-27 07:19:36,1635364170,+1,39.4816537,-106.0383518,"breckenridge, co 80424, usa"
1635343862,"McAllen, Texas",Getting colder!,2021-10-27 12:39:57,post_1,2021-10-27 07:11:02,1635363597,-1,26.2034071,-98.23001239999999,"mcallen, tx, usa"
1635314471,"Des Moines, Iowa",Getting colder!,2021-10-27 12:39:35,post_1,2021-10-26 23:01:11,1635363575,-1,41.5868353,-93.6249593,"des moines, ia, usa"
1635308762,"Santa Fe, New Mexico.",Getting colder. What else you got?,2021-10-27 12:39:21,post_1,2021-10-26 21:26:02,1635363561,-1,35.6869752,-105.937799,"santa fe, nm, usa"
1635305769,"Anchorage, AK",Very very cold!,2021-10-27 12:38:52,post_1,2021-10-26 20:36:09,1635363532,-2,61.2180556,-149.9002778,"anchorage, ak, usa"
1635305558,"Ruidoso, NM",Getting colder!,2021-10-27 12:38:29,post_1,2021-10-26 20:32:38,1635363509,-1,33.3672525,-105.6588485,"ruidoso, nm, usa"
1635301403,Las Vegas Nevada,Getting colder!,2021-10-27 12:38:12,post_1,2021-10-26 19:23:23,1635363492,-1,36.1699412,-115.1398296,"las vegas, nv, usa"
1635304941,Flagstaff Arizona,Getting colder!,2021-10-27 12:37:46,post_1,2021-10-26 20:22:21,1635363466,-1,35.1982836,-111.651302,"flagstaff, az, usa"
1635305215,"Corvallis, Oregon",Getting colder!,2021-10-27 12:37:32,post_1,2021-10-26 20:26:55,1635363452,-1,44.5645659,-123.2620435,"corvallis, or, usa"
1635305306,Detroit Michigan,Getting colder!,2021-10-27 12:37:07,post_1,2021-10-26 20:28:26,1635363427,-1,42.331427,-83.0457538,"detroit, mi, usa"
1635305352,"Las Vegas, Nevada",Getting colder! Take another guess!,2021-10-27 12:36:55,post_1,2021-10-26 20:29:12,1635363415,-1,36.1699412,-115.1398296,"las vegas, nv, usa"
1635305610,"Sioux Falls, SD",Getting warmer!,2021-10-27 12:36:27,post_1,2021-10-26 20:33:30,1635363387,+1,43.5460223,-96.731265,"sioux falls, sd, usa"
1635305687,Dinosaur National monument,Getting warmer!,2021-10-27 12:36:12,post_1,2021-10-26 20:34:47,1635363372,+1,40.4927109,-108.9416357,"11625 e 1500 s, jensen, ut 84035, united states"
1635307141,"Lexington, Nebraska",Getting warmer. Have another guess in mind?,2021-10-27 12:35:05,post_1,2021-10-26 20:59:01,1635363305,+1,40.7808398,-99.74150449999999,"lexington, ne 68850, usa"
1635329607,"Twin Cities, MN",This is quite a chilly guess!,2021-10-27 11:27:15,post_1,2021-10-27 03:13:27,1635359235,-2,44.9374831,-93.20099979999999,"twin cities, mn, usa"
1635332037,"Duluth, Minnesota",Getting a bit colder with this one.,2021-10-27 11:26:45,post_1,2021-10-27 03:53:57,1635359205,-1,46.78667189999999,-92.1004852,"duluth, mn, usa"
1635270727,cleveland ohio!,Cold!,2021-10-27 11:24:48,post_1,2021-10-26 10:52:07,1635359088,-1,41.49932,-81.6943605,"cleveland, oh, usa"
1635270798,Sugarloaf Maine,Cold!,2021-10-27 11:24:42,post_1,2021-10-26 10:53:18,1635359082,-1,45.0314444,-70.3131231,"sugarloaf mountain, carrabassett valley, me 04947, united states"
1635271066,"Rumney, New Hampshire",Cold!,2021-10-27 08:59:38,post_1,2021-10-26 10:57:46,1635350378,-1,43.80534859999999,-71.8125811,"rumney, nh 03266, usa"
1635271782,Mojave desert,Getting cold!,2021-10-27 07:48:14,post_1,2021-10-26 11:09:42,1635346094,-1,35.01099110000001,-115.4733551,"mojave desert, california 92332, usa"
1635268141,"Green Bay, Wisconsin",Getting colder!,2021-10-26 19:27:25,post_1,2021-10-26 10:09:01,1635301645,-1,44.5133188,-88.0132958,"green bay, wi, usa"
1635261123,"Modoc County, California",Cold!,2021-10-26 19:27:11,post_1,2021-10-26 08:12:03,1635301631,-1,41.4565165,-120.629366,"modoc county, ca, usa"
1635287300,Sequoia National Park,Cold!,2021-10-26 19:24:34,post_1,2021-10-26 15:28:20,1635301474,-1,36.4863668,-118.5657516,"california, united states"
1635286202,"White Sands National Park, New Mexico",Getting colder!,2021-10-26 19:24:27,post_1,2021-10-26 15:10:02,1635301467,-1,32.7872403,-106.3256816,"new mexico, united states"
1635286507,Gering Nebraska,Getting warm!,2021-10-26 19:24:17,post_1,2021-10-26 15:15:07,1635301457,+1,41.82636189999999,-103.6577616,"gering, ne 69341, usa"
1635295250,San Francisco CA.,Chilly guess!,2021-10-26 19:23:17,post_1,2021-10-26 17:40:50,1635301397,-1,37.7749295,-122.4194155,"san francisco, ca, usa"
1635294389,Rocky Mountain National Park,Getting warm!,2021-10-26 19:23:11,post_1,2021-10-26 17:26:29,1635301391,+1,40.3427932,-105.6836389,"colorado, united states"
1635272120,Golden Gate Bridge,"This guess is chilly, just like SF!",2021-10-26 19:16:06,post_1,2021-10-26 11:15:20,1635300966,-1,37.8199286,-122.4782551,"golden gate bridge, san francisco, ca, united states"
1635268413,[deleted],"Really, really cold!",2021-10-26 19:15:01,post_1,2021-10-26 10:13:33,1635300901,-3,to_delete,to_delete,to_fix
1635256650,"Death Valley, CA",Cold!,2021-10-26 19:14:53,post_1,2021-10-26 06:57:30,1635300893,-1,36.5322649,-116.9325408,"death valley, ca, usa"
1635255127,Juneau Alaska,"Very, very cold!",2021-10-26 19:11:39,post_1,2021-10-26 06:32:07,1635300699,-2,58.3019444,-134.4197221,"juneau, ak, usa"
1635254044,"Apalachicola Forest, Florida",Cold guess!,2021-10-26 19:11:30,post_1,2021-10-26 06:14:04,1635300690,-1,30.09975559999999,-84.7315563,"fl-12, sopchoppy, fl 32358, united states"
1635217627,"Abiquiu, New Mexico",Getting colder!,2021-10-26 18:44:56,post_1,2021-10-25 20:07:07,1635299096,-1,36.207241,-106.3186397,"abiquiu, nm 87510, usa"
1635217610,"Canyon, Tx",Getting colder! Wanna guess again?,2021-10-26 18:44:41,post_1,2021-10-25 20:06:50,1635299081,-1,34.9803342,-101.9188024,"canyon, tx 79015, usa"
1635254588,"Indianapolis, IN",Getting colder!,2021-10-26 18:41:43,post_1,2021-10-26 06:23:08,1635298903,-1,39.768403,-86.158068,"indianapolis, in, usa"
1635191168,"Tucson, AZ",You're getting colder!,2021-10-26 18:40:30,post_1,2021-10-25 12:46:08,1635298830,-1,32.2226066,-110.9747108,"tucson, az, usa"
1635192976,"Arches national park, Utah","Not too warm, not too cold. Right in between!",2021-10-26 18:39:12,post_1,2021-10-25 13:16:16,1635298752,0,38.733081,-109.5925139,"utah, united states"
1635191247,Evergreen Colorado,Getting warm,2021-10-26 18:38:47,post_1,2021-10-25 12:47:27,1635298727,+1,39.6333213,-105.3172146,"evergreen, co 80439, usa"
1635215352,"Duluth, Minnesota",Getting warmer!,2021-10-26 18:38:25,post_1,2021-10-25 19:29:12,1635298705,+1,46.78667189999999,-92.1004852,"duluth, mn, usa"
1635250904,"Point Pleasant, WV",Cold!,2021-10-26 14:12:10,post_1,2021-10-26 05:21:44,1635282730,-1,38.8445251,-82.1370889,"point pleasant, wv, usa"
1635237672,Sheffield MA,Cold!,2021-10-26 14:11:48,post_1,2021-10-26 01:41:12,1635282708,-1,42.1099885,-73.35514359999999,"sheffield, ma, usa"
1635218978,"Amarillo, TX",Cold! Try again?,2021-10-26 14:11:28,post_1,2021-10-25 20:29:38,1635282688,-1,35.2219971,-101.8312969,"amarillo, tx, usa"
1635215346,"New York, New York",Cold!,2021-10-26 14:10:59,post_1,2021-10-25 19:29:06,1635282659,-1,34.0483215,-118.2548493,"518 w 6th st, los angeles, ca 90014, united states"
1635211385,Washington D.C,"Very, very cold guess! Have another place in mind?",2021-10-26 14:10:45,post_1,2021-10-25 18:23:05,1635282645,-2,38.9071923,-77.0368707,"washington, dc, usa"
1635192932,"Great Falls, VA",Cold! Where else could it be?,2021-10-26 14:09:57,post_1,2021-10-25 13:15:32,1635282597,-1,38.9981652,-77.2883157,"great falls, va, usa"
1635273639,"Saas-Fee, Switzerland",Ice cold!,2021-10-26 14:09:40,post_1,2021-10-26 11:40:39,1635282580,-2,46.1091073,7.9297122,"3906 saas-fee, switzerland"
1635191998,"Midlothian, VA",Cold!,2021-10-26 14:09:27,post_1,2021-10-25 12:59:58,1635282567,-1,37.5061069,-77.6490005,"midlothian, va, usa"
1635191431,"Old forge, NY",Very cold! Would you like to guess again?,2021-10-26 14:09:11,post_1,2021-10-25 12:50:31,1635282551,-2,43.7100885,-74.9734809,"old forge, ny, usa"
1635191028,"Dallas, Texas",Cold!,2021-10-26 14:09:01,post_1,2021-10-25 12:43:48,1635282541,-1,32.7766642,-96.79698789999999,"dallas, tx, usa"
1635213954,"Disneyland, California",Cold! Would you like to try again? You can guess once every day.,2021-10-26 14:08:42,post_1,2021-10-25 19:05:54,1635282522,-1,33.8111316,-117.9219803,"disneyland dr, anaheim, ca 92802, united states"
1635252192,Kensington Philadelphia,Cold!,2021-10-26 14:08:14,post_1,2021-10-26 05:43:12,1635282494,-1,39.9934039,-75.1179823,"kensington, philadelphia, pa, usa"
1635193971,Canyonlands NP,Getting a bit warmer!,2021-10-26 14:07:45,post_1,2021-10-25 13:32:51,1635282465,+1,38.2135733,-109.9025345,"utah, united states"
1635192709,"Flagstaff, Arizona",Getting warmer!,2021-10-26 14:07:04,post_1,2021-10-25 13:11:49,1635282424,+1,35.1982836,-111.651302,"flagstaff, az, usa"
1635216635,"Paris, TX",Cold!,2021-10-26 09:49:00,post_1,2021-10-25 19:50:35,1635266940,-1,33.6609389,-95.55551299999999,"paris, tx, usa"
1635217136,Shenandoah VA,Cold!,2021-10-26 09:48:51,post_1,2021-10-25 19:58:56,1635266931,-1,38.4851245,-78.625016,"shenandoah, va, usa"
1635247344,"Little Rock, AR",Cold!,2021-10-26 09:48:33,post_1,2021-10-26 04:22:24,1635266913,-1,34.7464809,-92.28959479999999,"little rock, ar, usa"
1635251327,"Nashville, TN",Cold!,2021-10-26 09:48:18,post_1,2021-10-26 05:28:47,1635266898,-1,36.1626638,-86.7816016,"nashville, tn, usa"
1635251662,"Acadia National Park, Maine",Very cold!,2021-10-26 09:48:14,post_1,2021-10-26 05:34:22,1635266894,-2,44.3385559,-68.2733346,"maine, united states"
1635191616,Grand Staircase-Escalante National Monument,"Not warm, but not cold either. Lukewarm!",2021-10-26 09:47:23,post_1,2021-10-25 12:53:36,1635266843,0,37.0425369,-112.5266554,"310 s 100 e, kanab, ut 84741, united states"
1635190758,"Badlands National Park, South Dakota",Getting warmer!,2021-10-26 09:46:29,post_1,2021-10-25 12:39:18,1635266789,+1,43.8553804,-102.3396912,"south dakota, united states"
1635190086,"Erie, PA",Cold! Would you like to try another guess?,2021-10-26 09:46:02,post_1,2021-10-25 12:28:06,1635266762,-1,42.12922409999999,-80.085059,"erie, pa, usa"
1635191381,Tatooine,"On a scale of warm to cold, this is absolute zero.",2021-10-26 09:45:03,post_1,2021-10-25 12:49:41,1635266703,-3,37.7960663,-122.4222202,"1516 broadway, san francisco, ca 94109, united states"
1635192500,"Mammoth Lakes, CA","Beautiful place, but this guess is cold!",2021-10-26 09:44:20,post_1,2021-10-25 13:08:20,1635266660,-1,37.648546,-118.972079,"mammoth lakes, ca 93546, usa"
1635255782,Definitely in Miami,"Sorry, cold!",2021-10-26 09:43:55,post_1,2021-10-26 06:43:02,1635266635,-1,25.7810464,-80.1427154,"1000 west ave #214, miami beach, fl 33139, united states"
1635255293,"Anchorage, AK",Very cold!,2021-10-26 09:39:45,post_1,2021-10-26 06:34:53,1635266385,-2,61.2180556,-149.9002778,"anchorage, ak, usa"
1635246964,"Annapolis, MD.",Cold!,2021-10-26 09:39:00,post_1,2021-10-26 04:16:04,1635266340,-1,38.9784453,-76.4921829,"annapolis, md, usa"
1635237423,"Reading, PA",Cold!,2021-10-26 09:38:43,post_1,2021-10-26 01:37:03,1635266323,-1,40.3356483,-75.9268747,"reading, pa, usa"
1635233783,"Asheville, NC",Very cold answer. Would you like to take another guess? Responses must be 24 hrs apart to qualify.,2021-10-26 09:38:28,post_1,2021-10-26 00:36:23,1635266308,-2,35.5950581,-82.5514869,"asheville, nc, usa"
1635216236,"Okeechobee, FL","Warm place, but cold answer!",2021-10-26 09:37:31,post_1,2021-10-25 19:43:56,1635266251,-1,27.2439349,-80.82978279999999,"okeechobee, fl, usa"
1635194764,Sacandaga NY,Very cold!,2021-10-26 09:36:47,post_1,2021-10-25 13:46:04,1635266207,-2,43.3073773,-73.8690736,"sacandaga river, hadley, ny, usa"
1635193918,"Rogersville, TN",Very cold. Would you like to take another guess? Answers must be 24 hrs apart.,2021-10-26 09:36:34,post_1,2021-10-25 13:31:58,1635266194,-2,36.407317,-83.0054423,"rogersville, tn 37857, usa"
1635193136,"New Bern, NC",Very cold!,2021-10-26 09:36:20,post_1,2021-10-25 13:18:56,1635266180,-2,35.108493,-77.04411429999999,"new bern, nc, usa"
1635190966,"Ontario, CA",Very cold!,2021-10-26 09:36:10,post_1,2021-10-25 12:42:46,1635266170,-2,34.0633443,-117.6508876,"ontario, ca, usa"
1635246498,Portland maine,Very cold guess!,2021-10-26 09:35:25,post_1,2021-10-26 04:08:18,1635266125,-2,43.6590993,-70.2568189,"portland, me, usa"
1635241769,"Buffalo, NY",Very cold!,2021-10-26 09:35:14,post_1,2021-10-26 02:49:29,1635266114,-2,42.88644679999999,-78.8783689,"buffalo, ny, usa"
1635231007,"Juneau, Alaska","Just like the location, this answer is pretty cold.",2021-10-26 09:34:46,post_1,2021-10-25 23:50:07,1635266086,-1,58.3019444,-134.4197221,"juneau, ak, usa"
1635207396,"Wilmington, Delaware","Good guess, but Wilmington, Delware is cold!",2021-10-26 09:33:55,post_1,2021-10-25 17:16:36,1635266035,-1,39.744655,-75.5483909,"wilmington, de, usa"
1635189854,"Burlington, Vermont",This guess is very cold. Try again (in 24 hrs)!,2021-10-26 09:32:34,post_1,2021-10-25 12:24:14,1635265954,-2,44.4758825,-73.21207199999999,"burlington, vt, usa"
1635190287,Moab Utah,Getting colder. Tell us another guess in 24 hrs!,2021-10-26 09:30:24,post_1,2021-10-25 12:31:27,1635265824,-1,38.5733155,-109.5498395,"moab, ut 84532, usa"
1635216854,Boston Massachusetts,"Very, very cold!",2021-10-26 09:29:38,post_1,2021-10-25 19:54:14,1635265778,-2,42.3600825,-71.0588801,"boston, ma, usa"
1633996966,Sedona,Cold!,2021-10-15 14:17:47,post_2,2021-10-11 17:02:46,1634332667,-1,34.8697395,-111.7609896,"sedona, az 86336, usa"
1633996007,Wyoming,Cold!,2021-10-15 14:17:26,post_2,2021-10-11 16:46:47,1634332646,-1,43.0759678,-107.2902839,"wyoming, usa"
1634319853,"New river gorge national park, West Virginia? 

I so badly want this for the current climbing season!!",You're getting warmer! Here's some Reddit Gold to keep you warm in the meanwhile.,2021-10-15 14:09:50,post_2,2021-10-15 10:44:13,1634332190,+1,37.8776175,-81.0188974,"glen jean, wv 25846, united states"
1634178090,"Ventura, CA?",That's colder than before.,2021-10-15 10:35:38,post_2,2021-10-13 19:21:30,1634319338,-1,34.2804923,-119.2945199,"ventura, ca, usa"
1634310446,Frisco Texas,Cold and chilly.,2021-10-15 10:33:40,post_2,2021-10-15 08:07:26,1634319220,-1,33.1506744,-96.82361159999999,"frisco, tx, usa"
1634310364,"Lincoln, Nebraska",Cold! Where else could it be?,2021-10-15 10:33:21,post_2,2021-10-15 08:06:04,1634319201,-1,40.813616,-96.7025955,"lincoln, ne, usa"
1634181047,"Badlands National Park, South Dakota",Cold! Have another guess?,2021-10-15 10:30:00,post_2,2021-10-13 20:10:47,1634319000,-1,43.8553804,-102.3396912,"south dakota, united states"
1634205834,"Mount Washington, new Hampshire",Cold! Try again?,2021-10-15 10:29:32,post_2,2021-10-14 03:03:54,1634318972,-1,44.27058539999999,-71.3032723,"mt washington, sargent's purchase, nh 03846, united states"
1634222002,"Acadia National Park, Maine",Cold!,2021-10-15 10:29:16,post_2,2021-10-14 07:33:22,1634318956,-1,44.3385559,-68.2733346,"maine, united states"
1634222545,Times Square Manhattan,"Exciting place, but cold answer.",2021-10-15 10:29:03,post_2,2021-10-14 07:42:25,1634318943,-1,40.7579747,-73.9855426,"manhattan, ny 10036, united states"
1634222965,Chicago,Cold!,2021-10-15 10:28:32,post_2,2021-10-14 07:49:25,1634318912,-1,41.8781136,-87.6297982,"chicago, il, usa"
1634230642,"Buffalo, New York",Cold!,2021-10-15 10:28:19,post_2,2021-10-14 09:57:22,1634318899,-1,42.88644679999999,-78.8783689,"buffalo, ny, usa"
1634240702,"11622 NE Executive Dr, Edinburgh, IN 46124","&gt;11622 NE Executive Dr, Edinburgh, IN 46124

Nice location! You're headed towards the warmth.",2021-10-15 10:28:11,post_2,2021-10-14 12:45:02,1634318891,+1,39.3106581,-85.9602328,"11622 ne executive dr, edinburgh, in 46124, usa"
1634250037,Adirondack Mountains in NY?,Cold! Give it another guess.,2021-10-15 10:27:16,post_2,2021-10-14 15:20:37,1634318836,-1,44.1247154,-73.8693043,adirondack mountains
1634310191,"Is this still a thing?

Niagara Falls NY","Cold! (Yes, it is)",2021-10-15 10:26:47,post_2,2021-10-15 08:03:11,1634318807,-1,43.0962143,-79.0377388,"niagara falls, ny, usa"
1634310312,"Little Rock, Arkansas.",Cold!,2021-10-15 10:26:11,post_2,2021-10-15 08:05:12,1634318771,-1,34.7464809,-92.28959479999999,"little rock, ar, usa"
1634310533,Pisgah National Forest,Definitely headed towards the warmth.,2021-10-15 10:25:58,post_2,2021-10-15 08:08:53,1634318758,+1,35.2847473,-82.7270293,"1600 pisgah hwy, pisgah forest, nc 28768, united states"
1634311744,Billings Montana,Very cold!,2021-10-15 10:24:33,post_2,2021-10-15 08:29:04,1634318673,-2,45.7832856,-108.5006904,"billings, mt, usa"
1634092592,"Quincy, California",Also cold!,2021-10-15 10:23:34,post_2,2021-10-12 19:36:32,1634318614,-1,39.9368363,-120.9471764,"quincy, ca 95971, usa"
1633998366,"Incline village, Nevada",Cold!,2021-10-15 10:23:28,post_2,2021-10-11 17:26:06,1634318608,-1,39.249683,-119.9526847,"incline village, nv 89451, usa"
1634014618,"Snoqualmie Pass, WA",Cold!,2021-10-15 10:22:49,post_2,2021-10-11 21:56:58,1634318569,-1,47.3923346,-121.4000942,"snoqualmie pass, wa, usa"
1634039854,"Portland, Oregon.",Cold! Anywhere else?,2021-10-15 10:22:41,post_2,2021-10-12 04:57:34,1634318561,-1,45.515232,-122.6783853,"portland, or, usa"
1634053179, Mount thielsen in Oregon,Cold!,2021-10-15 10:22:23,post_2,2021-10-12 08:39:39,1634318543,-1,43.1515735,-122.0664115,"mt thielsen, oregon 97733, united states"
1634070898,Alaska,Very cold!,2021-10-15 10:22:09,post_2,2021-10-12 13:34:58,1634318529,-2,64.2008413,-149.4936733,"alaska, usa"
1634160831,"How about the Porcupine Mountains, MI?",You're getting a bit warmer.,2021-10-15 10:22:01,post_2,2021-10-13 14:33:51,1634318521,+1,46.7759417,-89.7350566,"porcupine mountains, carp lake township, mi 49953, usa"
1634073112,Utah,Cold!,2021-10-15 10:21:40,post_2,2021-10-12 14:11:52,1634318500,-1,39.3209801,-111.0937311,"utah, usa"
1634073455,"Hot Springs, Montana",Cold. Got another guess?,2021-10-15 10:21:34,post_2,2021-10-12 14:17:35,1634318494,-1,47.6091041,-114.6687414,"hot springs, mt 59845, usa"
1634235000,"Henderson, KY?",Getting warmer!,2021-10-15 10:21:19,post_2,2021-10-14 11:10:00,1634318479,+1,37.8361538,-87.59001339999999,"henderson, ky 42420, usa"
1634089808,"Taos, New Mexico",Cold!,2021-10-15 10:21:07,post_2,2021-10-12 18:50:08,1634318467,-1,36.4072134,-105.5733788,"taos, nm 87571, usa"
1634094917,"Citadel Outlet, CA","Funny, but cold. Take another guess!",2021-10-15 10:20:53,post_2,2021-10-12 20:15:17,1634318453,-1,34.0070384,-118.152496,"100 citadel dr, commerce, ca 90040, united states"
1634112893,"Hat Point, Hells Canyon, near Imnaha, Oregon.",Cold! Got another one?,2021-10-15 10:20:41,post_2,2021-10-13 01:14:53,1634318441,-1,45.4377235,-116.6618201,"imnaha, or 97842, united states"
1634131407,"Badlands, SD",Cold. Try again?,2021-10-15 10:20:27,post_2,2021-10-13 06:23:27,1634318427,-1,43.8553804,-102.3396912,"south dakota, united states"
1634133150,Grand Canyon,Cold!,2021-10-15 10:20:16,post_2,2021-10-13 06:52:30,1634318416,-1,36.1069258,-112.1129484,"arizona, united states"
1634151147,"Veil, Colorado",Cold. Got another one?,2021-10-15 10:20:10,post_2,2021-10-13 11:52:27,1634318410,-1,39.6433243,-106.3780801,"vail, co 81657, usa"
1634151210,"North cascades, Washington",Cold! Have another guess in mind?,2021-10-15 10:20:01,post_2,2021-10-13 11:53:30,1634318401,-1,48.7718174,-121.2984648,"washington, united states"
1634157032,MOAB Utah,Cold!,2021-10-15 10:19:46,post_2,2021-10-13 13:30:32,1634318386,-1,38.5733155,-109.5498395,"moab, ut 84532, usa"
1634180363,"Nashville, Tennessee",Warm!,2021-10-15 10:19:25,post_2,2021-10-13 19:59:23,1634318365,+1,36.1626638,-86.7816016,"nashville, tn, usa"
1634117388,"Vale, CO",Cold!,2021-10-14 11:02:12,post_2,2021-10-13 02:29:48,1634234532,-1,38.6860475,-121.2196526,"9031 central ave, orangevale, ca 95662, united states"
1634203375,Mt. Washington in New Hampshire,Cold. Would you like to try again?,2021-10-14 10:58:48,post_2,2021-10-14 02:22:55,1634234328,-1,44.27058539999999,-71.3032723,"mt washington, sargent's purchase, nh 03846, united states"
1634181470,"Oh country roads, take me home ....West Virginia?",You're getting warm. Want to give it another go?,2021-10-14 10:58:15,post_2,2021-10-13 20:17:50,1634234295,+1,40.0566948,-82.40191159999999,"34 s 3rd st, newark, oh 43055, united states"
1634180292,Idaho,Cold!,2021-10-14 10:57:41,post_2,2021-10-13 19:58:12,1634234261,-1,44.0682019,-114.7420408,"idaho, usa"
1634074759,Seattle!,Cold!,2021-10-14 10:57:22,post_2,2021-10-12 14:39:19,1634234242,-1,47.6062095,-122.3320708,"seattle, wa, usa"
1634165612,"Going for one more, Pine Mountain or Pine Ridge Kentucky",That's a very warm answer.,2021-10-14 10:57:06,post_2,2021-10-13 15:53:32,1634234226,+2,to_fix,to_fix,to_fix
1633997017,[removed],Both guesses are cold. Have any other ideas?,2021-10-14 10:50:55,post_2,2021-10-11 17:03:37,1634233855,-1,34.0623052,-118.2358743,"130 w bruno st, los angeles, ca 90012, united states"
1633995614,Bighorn Canyon,Pretty cold. Want to take another guess?,2021-10-13 15:17:10,post_2,2021-10-11 16:40:14,1634163430,-1,45.30003440000001,-107.9767672,"fort smith, mt 59035, united states"
1633998390,"Prospect Creek Camp, Alaska",Very cold! Have any other ideas where it might be?,2021-10-13 15:10:07,post_2,2021-10-11 17:26:30,1634163007,-2,66.812063,-150.6657248,"prospect creek, ak, usa"
1633995173,It's in the Grand Canyon.,Cold! Where else could it be?,2021-10-13 14:59:08,post_2,2021-10-11 16:32:53,1634162348,-1,36.1069258,-112.1129484,"arizona, united states"
1633996614,Mount Shasta Ca,Cold!,2021-10-13 14:58:33,post_2,2021-10-11 16:56:54,1634162313,-1,41.3098746,-122.3105666,"mt shasta, ca 96067, usa"
1634090463,Cleveland oh,Getting warmer for sure!,2021-10-13 14:51:42,post_2,2021-10-12 19:01:03,1634161902,+1,41.49932,-81.6943605,"cleveland, oh, usa"
1633995473,"Salt Lake City, Utah","Nice guess, but cold answer! What else you got?",2021-10-13 14:49:02,post_2,2021-10-11 16:37:53,1634161742,-1,40.7607793,-111.8910474,"salt lake city, ut, usa"
1634155983,Florida Keys!,"Getting a bit colder, actually. Give us another one!",2021-10-13 14:48:26,post_2,2021-10-13 13:13:03,1634161706,-1,25.0273356,-81.5357506,"florida keys, florida, usa"
1634011394,"Traverse City, Michigan",Getting warmer!,2021-10-13 14:00:10,post_2,2021-10-11 21:03:14,1634158810,+1,44.7630567,-85.62063169999999,"traverse city, mi, usa"
1633995615,Columbia factory castle rock Colorado,"Good guess, but you're still cold. Would you like to try again?",2021-10-13 13:57:25,post_2,2021-10-11 16:40:15,1634158645,-1,39.41339079999999,-104.8728284,"5050 factory shops blvd ste 190, castle rock, co 80108, united states"
1634072601,"Mt Shasta, CA","Like the top of Mt. Shasta, this answer is very cold!",2021-10-13 13:52:53,post_2,2021-10-12 14:03:21,1634158373,-2,41.3098746,-122.3105666,"mt shasta, ca 96067, usa"
1634053238,"Cold Mountain, North Carolina","Warm, but no cigar!",2021-10-13 13:51:27,post_2,2021-10-12 08:40:38,1634158287,+1,34.761196,-84.341865,"cold mountain, georgia 30522, united states"
1634052971,Alaska,"Really, really cold!",2021-10-13 13:49:14,post_2,2021-10-12 08:36:11,1634158154,-3,64.2008413,-149.4936733,"alaska, usa"
1634010801,"Las Vegas, Nevada","Warm city, but cold answer. Try again?",2021-10-13 13:48:42,post_2,2021-10-11 20:53:21,1634158122,-1,36.1699412,-115.1398296,"las vegas, nv, usa"
1633998246,West Virginia,Getting warmer!,2021-10-13 13:48:03,post_2,2021-10-11 17:24:06,1634158083,+1,38.5976262,-80.4549026,"west virginia, usa"
1633995848,Yosemite,Cold! Would you like to try again?,2021-10-13 13:47:42,post_2,2021-10-11 16:44:08,1634158062,-1,37.7288001,-119.6095,"yosemite valley, california, usa"
1634008087,Hawaii,Temperature check: cold. Really cold. Want to try again?,2021-10-13 13:19:09,post_2,2021-10-11 20:08:07,1634156349,-2,19.8967662,-155.5827818,"hawaii, usa"
1634008665,"Grand Canyon, at least that's what the picture above is.","Sorry, itâ€™s cold! Want to try again?",2021-10-13 13:11:11,post_2,2021-10-11 20:17:45,1634155871,-1,36.1069258,-112.1129484,"arizona, united states"
1634010063,Looks like Iowa to me...,You're getting a bit warmer!,2021-10-13 13:11:00,post_2,2021-10-11 20:41:03,1634155860,+1,to_fix,to_fix,to_fix
